{
  "IsEncrypted": false,
  "Values": {
    "WEBSITE_SLOT_NAME": "Production",
    "FUNCTIONS_EXTENSION_VERSION": "~2",
    "ScmType": "None",
    "WEBSITE_AUTH_ENABLED": "False",
    "APPINSIGHTS_INSTRUMENTATIONKEY": "eb49523e-aced-4275-ae97-cd99cb7ce995",
    "AzureWebJobsDashboard": "DefaultEndpointsProtocol=https;EndpointSuffix=core.windows.net;AccountName=ezcloud;AccountKey=9Id1aKa+SavA4YPpe7B6ML6TkUkr3Wd8v0m/b/AQxDOwJOex7eVoZKfMKSVhHZkjbGHza4AjCRyZ5YhXZb6lMg==",
    "WEBSITE_NODE_DEFAULT_VERSION": "10.14.1",
    "WEBSITE_CONTENTAZUREFILECONNECTIONSTRING": "DefaultEndpointsProtocol=https;EndpointSuffix=core.windows.net;AccountName=ezcloud;AccountKey=9Id1aKa+SavA4YPpe7B6ML6TkUkr3Wd8v0m/b/AQxDOwJOex7eVoZKfMKSVhHZkjbGHza4AjCRyZ5YhXZb6lMg==",
    "WEBSITE_CONTENTSHARE": "myapppravin",
    "FUNCTIONS_WORKER_RUNTIME": "node",
    "WEBSITE_SITE_NAME": "MyApppravin",
    "AzureWebJobsStorage": "DefaultEndpointsProtocol=https;EndpointSuffix=core.windows.net;AccountName=ezcloud;AccountKey=9Id1aKa+SavA4YPpe7B6ML6TkUkr3Wd8v0m/b/AQxDOwJOex7eVoZKfMKSVhHZkjbGHza4AjCRyZ5YhXZb6lMg=="
  }
}